1,Cece,Ilieve,4.18,6.44,1.81,6.13
2,Ignace,Westmarland,5.78,3.94,2.11,8.86
3,Polly,Walden,4.21,6.03,5.96,3.68
4,Therine,Challiner,6.26,4.96,8.23,6.01
5,Andris,Wincer,6.2,2.3,7.65,6.04
6,Marcus,Kingdon,6.79,8.8,6.47,5.21
7,Marshal,Dagworthy,8.63,7.01,4.2,8.34
8,Sheff,Mattheis,7.56,5.59,6.11,8.98
9,Nesta,Dyka,5.74,3.17,7.25,1.93
10,Fee,Rainard,5.16,3.65,2.47,6.88
11,Vlad,Lindl,8.09,6.86,3.39,1.95
12,Joelly,Carlill,5.15,2.95,3.41,3.69
13,Marty,Rodder,7.95,1.89,2.58,2.44
14,Addy,Steeden,6.43,6.03,3.76,4.96
15,Kimberlyn,Lardeur,3.55,2.93,7.76,8.72
16,Magdalen,Haibel,7.16,9.42,9.49,1.52
17,Harlene,Loughlin,9.57,9.76,9.09,2.64
18,Atalanta,Riddoch,4.69,9.95,3.37,6.81
19,Kelley,Satcher,6.01,10.0,5.75,2.98
20,Molli,Lochet,8.89,4.48,9.01,8.27
21,Yoshiko,Climson,8.28,6.25,6.66,5.09
22,Kris,Strachan,6.78,9.73,6.12,3.64
23,Hermy,Michelle,1.08,2.04,2.88,6.68
24,Kevyn,Sailer,1.98,7.74,4.76,4.51
25,Siobhan,De Bruijn,8.17,2.71,7.05,9.3
26,Florance,Locket,6.53,4.44,1.25,9.39
27,Carlie,Ridsdale,8.37,4.1,1.76,5.51
28,Charlene,McBrady,5.72,6.85,9.64,1.94
29,Percival,Goodall,5.56,8.37,3.72,6.68
30,Petronilla,Orht,5.75,5.91,4.63,2.92
31,Laney,Bailes,7.59,1.98,9.78,1.14
32,Abbie,Mochar,5.45,1.31,8.4,8.48
33,Gunner,Schrieves,5.97,1.31,4.17,4.4
34,Dorise,Joyner,4.74,3.86,1.89,2.61
35,Christa,Jouaneton,4.15,9.07,7.01,9.61
36,Audre,Chandler,7.92,1.91,3.19,8.11
37,Libbie,Niess,4.39,8.2,8.72,9.96
38,Claire,Lammers,7.52,5.83,6.72,8.03
39,Karry,Gislebert,7.95,7.03,8.04,6.11
40,Selby,Chatwood,6.05,2.46,9.72,8.37
41,Udale,Poultney,4.57,1.81,7.89,1.67
42,Caro,Saller,9.26,7.36,1.62,1.42
43,Kelsey,Shuttlewood,2.08,2.68,8.5,4.42
44,Joletta,Staddart,7.13,4.24,2.92,7.08
45,Prudi,Saphin,8.39,3.09,7.03,3.25
46,Addia,Boundy,8.61,2.31,2.01,7.69
47,Stesha,Shailer,2.85,9.16,1.05,5.67
48,Daisi,Muckian,8.26,3.24,3.31,3.52
49,Chloris,Wooddisse,5.67,1.69,7.22,1.76
50,Tallou,Janku,8.85,5.27,4.42,8.84
51,Shelli,Costelloe,8.43,2.71,6.55,4.52
52,Montgomery,Yanukhin,6.82,1.78,5.32,4.5
53,Carlen,Spraberry,1.18,8.66,1.39,1.26
54,Haze,Ebbs,5.95,5.93,5.91,3.05
55,Cahra,Vasyukov,2.4,2.73,7.43,2.66
56,Bran,Daintrey,9.32,8.45,6.6,2.55
57,Whitaker,Linstead,3.72,5.06,2.41,8.97
58,Stearn,Deamer,7.91,3.5,1.7,5.64
59,Zulema,Climo,9.48,9.98,7.35,2.82
60,Gerome,Trouncer,8.73,6.41,9.86,2.23
61,Pepe,Frankcomb,1.84,3.53,4.95,5.85
62,Leanna,Caswell,2.41,2.8,1.27,5.57
63,Ajay,Surmeir,1.13,2.4,2.38,9.04
64,Jasun,Pinchback,5.56,3.23,2.6,8.18
65,Brand,Boutflour,5.47,5.44,4.99,1.55
66,Lin,Sherborn,1.55,1.52,7.69,1.8
67,Beatrice,Handrek,1.78,1.06,1.49,8.23
68,Cristian,Tomaszkiewicz,9.55,2.68,9.32,5.09
69,Alfons,Stambridge,3.27,5.77,2.68,1.01
70,Saba,Bunhill,7.85,1.92,4.19,9.44
71,Rhody,Thorley,9.02,4.28,6.71,2.51
72,Krystal,Renzo,5.9,5.06,8.7,3.98
73,Kaitlynn,Stubbeley,8.4,9.93,7.73,7.07
74,Merrill,Quinell,6.57,5.7,1.49,4.9
75,Mirna,Malamore,7.08,2.54,4.82,4.67
76,Raynard,Cockitt,6.86,4.46,9.6,4.17
77,Antonius,Brisker,4.64,6.07,6.91,5.41
78,Bruis,Keenor,10.0,6.85,5.79,3.65
79,Dicky,Jentle,3.29,7.93,1.36,1.32
80,Donal,Sleford,8.34,1.58,6.32,2.09
81,Valenka,Kinahan,9.55,4.53,3.44,9.95
82,Sarge,Waldron,4.71,7.77,5.65,4.03
83,Olivia,D'Hooghe,4.82,7.85,9.12,9.69
84,Julee,Struan,4.53,3.81,7.83,8.4
85,Marve,Michele,9.65,3.17,5.17,3.92
86,Vlad,McVeigh,2.36,7.8,8.03,4.52
87,Valentia,Grugerr,2.03,6.37,7.41,5.56
88,Rikki,Hindhaugh,5.62,6.32,2.11,7.7
89,Cyril,Wycherley,1.4,5.38,5.19,7.39
90,Carmine,Josefsen,3.05,7.22,2.96,3.41
91,Guillermo,Latus,8.87,9.36,1.8,1.42
92,Oran,McClarence,9.76,6.05,9.14,9.59
93,Evelyn,Gaskall,7.83,9.11,5.2,7.58
94,Johnathan,Fancott,4.08,5.81,4.15,5.84
95,Jeanna,Ruddin,4.19,6.86,2.36,6.49
96,Maurise,Ismay,2.35,9.64,6.05,9.45
97,Edgard,Jacks,3.49,5.0,8.07,3.11
98,Auria,Rycroft,4.8,2.68,3.39,7.42
99,Malcolm,McGray,9.67,6.15,8.28,5.89
100,Giulietta,Betancourt,3.93,9.65,3.65,1.28
101,Anastassia,Ellershaw,3.47,2.06,9.38,2.97
102,Niels,Knaggs,5.84,2.44,5.45,3.91
103,Caddric,Cholomin,7.06,5.31,5.34,6.93
104,Willette,Sill,1.76,8.09,6.2,9.64
105,Timmy,Olyonov,8.65,5.93,6.9,2.86
106,Ardyth,Gouny,2.57,7.33,2.93,7.21
107,Jonis,Olivera,9.09,5.79,3.49,8.66
108,Kessiah,Tritten,5.99,7.19,4.51,1.21
109,Kinny,Volker,5.12,6.25,8.9,9.53
110,Hanan,Ricker,8.03,4.83,1.73,4.59
111,Christean,Solon,1.86,9.6,1.65,2.69
112,Adelbert,Garcia,6.46,3.0,2.51,1.76
113,Artemas,Simanek,3.67,1.84,1.39,7.52
114,Patrizius,Klassman,4.86,5.74,6.34,9.54
115,Shane,Girhard,5.96,4.71,6.37,2.97
116,Vivyan,Jurek,3.83,6.17,5.31,5.56
117,Paola,Lovelace,8.17,7.71,1.27,2.79
118,Charil,Murcutt,1.98,5.75,1.53,1.09
119,Ronica,Bearblock,1.88,2.0,9.36,1.6
120,Latisha,Playle,4.59,9.31,5.28,3.14
121,Katheryn,Cabell,3.53,8.3,7.01,3.0
122,Carlina,Biesinger,4.9,2.61,2.79,8.54
123,Paulo,ffrench Beytagh,3.44,2.4,8.68,3.84
124,Alyce,Purviss,5.76,6.42,5.63,1.22
125,Ginnifer,Hitzmann,4.3,9.92,3.77,3.07
126,Monah,Brenneke,8.72,7.24,7.12,5.61
127,Frazier,Sinnat,9.04,6.59,5.46,8.07
128,Kassi,Evesque,5.57,7.69,8.11,9.02
129,Helaina,Semens,3.33,9.83,7.61,9.3
130,Tyrus,MacLleese,4.48,4.11,8.01,8.95
131,Zaccaria,MacCard,5.88,8.38,4.46,7.75
132,Ruy,Celiz,2.89,9.02,2.92,3.12
133,Pearline,Toffler,9.53,1.12,8.5,1.93
134,Dael,Mangon,6.68,3.65,9.29,4.87
135,Hendrick,Pideon,2.51,9.34,7.9,4.18
136,Merry,Rogier,6.03,2.16,3.27,5.82
137,Estel,Grinov,3.45,6.17,2.05,9.9
138,Jorey,Sorley,5.55,3.91,3.06,9.2
139,Tab,Bungey,1.68,5.72,4.37,4.89
140,Winnie,Woehler,1.68,5.3,2.68,5.61
141,Chandler,Jullian,5.66,5.79,7.09,8.21
142,Kerk,Pollack,6.95,6.91,6.58,7.23
143,Netta,Brimblecomb,4.45,6.71,3.74,1.51
144,Tamas,Anker,1.86,3.28,3.37,8.23
145,Nels,Whitemarsh,6.41,2.78,8.71,5.5
146,Mischa,Briers,6.89,9.35,3.15,6.54
147,Bartholomew,Gostling,5.01,9.07,1.69,2.34
148,Bari,Gervaise,7.53,8.24,4.18,2.37
149,Reina,MacCallam,9.58,9.86,8.34,7.74
150,Sadie,McAlindon,9.91,8.15,3.82,1.55
151,Robinette,Drewes,4.51,7.51,1.87,8.02
152,Hilary,Raye,7.82,7.23,5.01,6.9
153,Dannie,Ritmeier,4.2,4.51,5.05,4.56
154,Kalinda,Lavigne,4.2,9.83,7.31,4.76
155,Clara,Isherwood,6.73,4.5,4.56,3.35
156,Kameko,Penn,2.57,2.91,5.79,5.92
157,Kennith,Morewood,8.93,3.31,5.0,2.03
158,Sherry,Eastam,1.05,2.02,9.55,3.7
159,Sioux,Roper,4.74,3.3,2.36,4.92
160,Dulcine,Ghelerdini,2.35,8.58,5.14,8.6
161,Marylin,Wahlberg,8.32,1.07,4.08,2.6
162,Isador,Coucher,7.27,1.52,9.9,9.94
163,Bonni,Sisson,1.2,5.71,5.15,3.18
164,Sheff,Southerns,7.84,4.31,6.25,1.06
165,Louise,Aslin,6.83,1.79,1.85,8.38
166,Addia,Bazelle,2.6,5.87,1.64,2.97
167,Krystyna,Malthus,3.03,6.35,3.71,4.26
168,Devland,Stokey,6.44,7.3,3.13,9.05
169,Jobye,Pickavance,8.59,2.15,6.37,2.62
170,Trstram,Mathevet,8.11,6.86,3.49,1.25
171,Chaim,Knighton,2.65,3.39,5.44,6.8
172,Marci,Axton,4.68,6.2,9.71,3.24
173,Nobie,Micallef,9.45,4.64,2.06,5.8
174,Winna,Matkin,4.24,3.89,6.36,1.03
175,Fiorenze,Ruggiero,2.92,7.16,9.69,6.18
176,Manolo,Prew,2.86,8.35,3.73,7.45
177,Cesar,Wendover,7.18,6.89,8.43,9.98
178,Kesley,Sabates,1.48,4.94,3.56,9.55
179,Finley,Deason,9.57,9.2,1.97,5.93
180,Skipp,Brobeck,3.95,7.99,4.49,6.32
181,Mikaela,Opfer,5.68,8.27,2.5,8.1
182,Cthrine,Lytle,1.13,3.93,9.95,8.39
183,Keary,Mountford,1.61,4.11,3.63,4.8
184,Odilia,Probate,5.81,6.73,5.73,4.42
185,Orelee,Isaac,7.01,5.85,7.0,4.11
186,Audy,Stienton,8.23,4.74,8.55,9.11
187,Tressa,Macklam,7.22,8.84,3.15,8.57
188,Edsel,McVane,2.6,5.67,1.63,2.58
189,Orbadiah,Dunn,7.95,1.67,2.96,9.17
190,Lydon,Harflete,9.14,1.34,2.39,8.4
191,Leshia,Gant,3.36,6.04,4.95,2.41
192,Agatha,Rickasse,6.37,8.08,3.06,3.01
193,Bourke,Cavil,3.7,9.86,9.81,9.31
194,Iona,Simcox,4.35,7.35,5.67,8.47
195,Udale,MacGebenay,3.62,5.18,3.46,2.65
196,Dougie,Whapple,3.18,3.47,3.6,4.76
197,Jeri,Falvey,2.25,9.89,7.38,6.46
198,Daisy,Kaes,6.34,1.92,2.81,9.6
199,Adrian,Chalmers,3.12,1.74,4.2,9.64
200,Lemuel,Davie,8.58,4.7,1.22,7.97
201,Dodie,Hyde,6.32,2.08,9.97,2.87
202,Lazarus,McGroarty,7.49,5.71,1.78,8.27
203,Jane,Theunissen,3.55,6.9,4.21,6.93
204,Giacinta,Grain,2.83,2.75,1.06,8.0
205,Jolene,Edgcumbe,5.78,2.54,1.66,8.05
206,Booth,Shillabear,4.05,9.17,1.91,8.65
207,Shamus,Wilkinson,8.71,6.92,3.15,1.45
208,Neysa,Rey,2.56,8.21,7.35,3.37
209,Morganne,Drover,7.97,7.69,6.27,4.41
210,Steve,Jereatt,8.65,3.85,5.3,2.58
211,Bryana,Tiuit,8.69,1.5,7.55,7.35
212,Jenilee,Giorgetti,7.35,1.72,1.43,8.75
213,Conway,Tunnah,3.44,4.29,9.55,4.36
214,Selie,Syddie,5.6,8.05,2.87,9.63
215,Talyah,Mary,1.98,4.99,6.73,5.62
216,Peta,Standbrooke,3.38,2.51,7.05,1.12
217,Orsola,Lambole,9.74,1.77,1.06,9.74
218,Brigida,Foard,2.1,7.95,8.97,8.29
219,Tallia,Wallett,5.74,7.22,7.55,6.07
220,Gretna,Warrender,1.38,4.54,6.84,4.67
221,Katinka,Innett,1.97,6.78,7.34,6.59
222,Daisi,Lorentzen,7.87,4.62,1.47,8.99
223,Violetta,Gallie,7.14,8.82,9.29,2.42
224,Abagail,Knill,4.21,2.36,3.86,6.61
225,Neville,Kift,1.96,8.71,4.49,6.69
226,Neysa,Keynes,5.52,1.32,9.72,6.72
227,Konrad,Purdey,6.45,3.47,2.87,1.27
228,Alene,Lafond,7.42,4.93,9.72,1.1
229,Milly,Casterou,5.15,3.27,7.2,2.87
230,Orel,Izchaki,7.63,7.74,7.78,8.53
231,Cindy,Fullbrook,1.65,5.33,1.73,7.61
232,Violetta,Gemmell,2.71,6.35,7.51,1.05
233,Cristie,Liveing,1.11,7.44,7.86,8.52
234,Myca,Jeckell,3.56,9.67,2.55,7.36
235,Forbes,Kynder,7.56,6.61,1.06,1.58
236,Susan,Langelay,6.64,4.88,4.74,1.2
237,Sawyer,Chipping,7.44,5.94,6.35,4.86
238,Mathilda,Sarten,4.78,9.52,4.46,6.36
239,Marya,Bartolic,1.18,8.33,3.26,4.04
240,Mano,Lytell,6.53,2.24,7.44,8.6
241,Manfred,Lergan,2.77,4.58,2.02,1.34
242,Adore,Pursehouse,1.95,3.32,7.99,1.49
243,Debbi,O'Cuddie,9.91,3.41,3.1,8.11
244,Juliette,Corsor,5.0,6.14,9.43,3.72
245,Nevile,Owtram,2.07,1.38,9.08,3.94
246,Jolynn,Champion,4.45,5.33,2.4,8.98
247,Winona,Snell,1.57,2.8,9.39,8.68
248,Osborn,Feldfisher,2.59,9.63,5.66,8.11
249,Leandra,MacKill,9.35,1.99,8.89,3.36
250,Bernadine,Tomney,7.26,7.35,3.39,4.28
251,Clemente,Longhorne,2.14,2.46,1.71,9.0
252,Margit,Todarello,2.33,1.54,9.87,8.22
253,Emlynn,Saxon,2.29,7.06,2.91,5.62
254,Hunfredo,Plante,5.28,4.49,3.78,5.52
255,Laureen,Gobolos,9.31,1.28,5.23,6.61
256,Laryssa,Oldroyd,3.95,4.1,9.18,9.16
257,Elwira,Solesbury,1.53,8.7,7.31,6.88
258,Trefor,Tomaello,1.79,6.26,3.57,3.03
259,Si,Parrett,8.6,8.98,8.59,8.42
260,Benjie,Cochern,2.09,3.96,8.89,1.01
261,Casie,Gergher,7.57,4.34,4.3,1.89
262,Shaylynn,Newbery,1.74,2.07,6.72,3.17
263,Karil,Tollet,1.55,5.46,6.97,1.19
264,Durant,Keyden,1.79,3.95,1.62,6.08
265,Antoinette,Fetteplace,5.43,9.9,8.36,3.52
266,Vera,Schonfeld,6.28,7.14,5.04,7.55
267,Kingsly,Tosney,8.1,4.17,4.57,2.29
268,Hermia,Callaway,2.53,6.09,3.57,2.47
269,Howey,Erangey,9.91,7.75,5.61,8.68
270,Bendix,Senogles,6.88,5.67,6.43,3.85
271,Kalila,Mingotti,6.48,6.13,1.22,1.19
272,Gwenore,Goodenough,6.53,2.96,7.7,4.51
273,Jonathon,Klimkin,2.58,6.0,1.11,3.8
274,Sydney,Fomichkin,8.75,1.92,1.55,6.5
275,Brent,Skull,4.01,7.48,3.09,6.29
276,Timmie,Lewendon,4.36,2.68,8.24,7.72
277,Averil,Purveys,4.49,9.24,7.24,3.55
278,Trenna,McVicker,6.52,7.28,9.68,7.6
279,Artus,Putton,8.36,1.22,1.34,1.1
280,Randolf,Hardes,6.16,9.5,9.64,1.43
281,Carolann,Alvey,5.23,6.61,1.8,4.97
282,Britt,Fetherston,2.43,7.22,5.07,6.77
283,Aleen,Neeves,1.58,8.05,3.71,2.14
284,Lonnie,Weatherley,2.87,6.98,3.1,8.72
285,Kelsey,Guisler,3.77,2.52,6.19,1.67
286,Catharina,Denidge,6.89,3.97,6.09,3.1
287,Marys,Eliaz,2.83,2.2,5.74,7.52
288,Beret,Enrique,1.24,2.4,5.89,5.36
289,Chiquita,Heinecke,9.26,9.3,3.89,8.96
290,Cammy,Gatenby,2.58,3.08,6.47,4.15
291,Marisa,Whenham,5.91,8.42,3.51,8.08
292,Daile,Upham,3.95,8.93,8.47,7.67
293,Cynthie,Borgne,1.56,2.39,8.08,6.19
294,Zeb,Farquar,9.05,5.08,4.12,4.78
295,Mychal,Brownsword,6.82,4.41,5.08,9.63
296,Drucie,Miguel,6.04,5.03,1.9,5.58
297,Ossie,Leonida,3.51,1.98,3.45,3.42
298,Nona,Connechie,5.73,2.07,5.48,5.56
299,Loy,Shepland,8.58,8.39,5.66,1.82
300,Rene,Jeyness,3.36,5.88,6.99,9.2
301,Mart,Gunn,3.27,8.28,9.67,1.33
302,Hill,Dunston,1.28,1.75,7.12,7.11
303,Rubetta,Paliser,5.65,1.71,5.85,1.83
304,Albertina,Wilkenson,4.63,4.63,4.58,5.57
305,Jud,Sedgman,6.33,4.31,3.13,8.62
306,Laura,Klaggeman,8.24,1.16,7.15,6.08
307,Julee,Northrop,1.25,7.72,7.55,6.48
308,Lelia,Ick,4.26,1.4,3.81,3.58
309,Heather,Bayliss,9.91,9.09,3.94,6.91
310,Lainey,Ottiwill,5.83,2.49,5.37,6.43
311,Romy,Barreau,1.64,4.71,9.48,8.75
312,Rolph,Dyche,6.77,9.0,3.2,7.2
313,Dorie,Bray,8.36,2.63,6.95,5.21
314,Anthe,Mauser,1.47,5.77,8.65,4.99
315,Addy,Eglin,5.08,5.17,8.12,1.22
316,Julissa,Whyman,8.38,9.45,3.43,2.88
317,Luis,Rakes,6.0,8.45,7.45,6.78
318,Anya,Selbach,4.69,7.55,2.43,7.47
319,Celestia,Lillicrap,8.58,6.69,2.38,7.29
320,Dewie,Lesser,4.38,2.93,1.67,6.17
321,Amandie,Breen,8.6,3.97,7.69,2.86
322,Cherlyn,Brokenbrow,6.22,4.33,6.75,5.75
323,Wainwright,Cejka,8.89,5.82,1.51,5.74
324,Benny,Treasure,7.49,2.99,2.45,5.96
325,Giana,Elan,4.1,5.28,8.59,2.56
326,Constancy,Krelle,1.66,5.11,2.43,5.56
327,Gregor,Gorch,9.69,6.86,3.95,1.79
328,Malchy,Cullum,4.22,5.06,2.12,5.96
329,Elladine,Corpe,1.34,4.82,7.78,6.43
330,Davis,Faichnie,7.49,4.26,7.86,4.81
331,Aland,Clissett,6.33,4.55,2.19,1.04
332,Lynn,Borgnet,9.31,4.07,9.77,2.2
333,Torrie,Leynton,1.14,6.41,1.09,6.59
334,Mindy,Meldon,2.55,9.9,3.66,6.9
335,Kelly,Cutbush,1.49,8.0,4.69,1.33
336,Paola,Yegorchenkov,4.23,2.19,1.98,8.85
337,Galen,Layhe,1.57,5.82,5.31,1.43
338,Olive,Beswell,3.26,9.02,9.97,4.4
339,Loralyn,Bielefeld,2.19,9.2,7.63,4.01
340,Casandra,Cornelisse,7.07,8.06,5.5,2.08
341,Elonore,Ganter,3.76,8.38,5.24,8.74
342,Jaimie,Tollfree,5.91,1.74,1.33,5.67
343,Wait,Elders,8.39,8.35,1.03,3.22
344,Lynsey,Musicka,1.13,7.59,5.33,1.24
345,Marie-ann,Tayt,2.37,1.53,4.49,7.24
346,Garrek,Stagg,9.9,6.11,3.54,5.21
347,Nara,Catonne,1.13,5.36,9.3,2.39
348,Charlean,Cartmail,6.0,7.3,3.14,8.19
349,Paige,Harmour,2.91,3.01,4.8,7.53
350,Rica,Gypson,2.89,4.12,1.05,4.5
351,Derron,Turton,5.78,6.37,1.08,9.59
352,Marylinda,Jurczyk,7.48,5.25,9.93,6.91
353,Abbey,Banbrigge,7.36,8.27,5.38,6.16
354,Lishe,Ratnege,9.53,7.37,2.95,6.88
355,Maddie,Royson,6.24,2.15,9.42,2.77
356,Lottie,Gipp,3.26,1.82,5.98,7.96
357,Flor,Macrow,3.85,3.45,8.13,4.53
358,Constantine,O'Hogertie,8.3,2.12,8.73,8.32
359,Lyndell,Drinkeld,2.52,9.62,6.96,2.92
360,La verne,Byham,1.21,8.04,9.56,3.9
361,Emmy,Endicott,3.57,2.72,3.26,9.94
362,Cherida,Sill,1.75,7.08,9.1,5.33
363,Omero,Kingaby,6.05,7.3,3.77,4.19
364,Melicent,Eye,4.26,7.62,1.9,6.43
365,Jareb,Greenhowe,7.4,6.39,9.17,8.95
366,Colas,Errington,9.77,2.48,9.23,4.72
367,Bill,Nequest,4.21,1.53,6.52,3.22
368,Brandais,Walkinshaw,4.93,7.3,3.93,7.46
369,Nicole,Pennells,2.08,5.5,5.83,3.44
370,Crista,Hevey,8.11,8.37,2.39,7.16
371,Parsifal,Drakes,4.43,3.48,3.77,6.55
372,Finley,Londing,9.3,4.72,7.13,8.8
373,Bria,Calken,4.09,7.14,3.53,2.87
374,Augy,Franklyn,6.52,9.39,9.44,6.11
375,Stefanie,Cann,5.35,9.92,9.52,9.16
376,Darill,MacGahy,4.77,9.51,8.71,8.41
377,Haleigh,Sandell,1.68,9.75,5.18,9.19
378,Brunhilda,Hegden,6.42,5.1,5.13,3.4
379,Bern,Hellier,5.87,3.63,8.2,1.77
380,Emlyn,Soame,3.79,8.02,8.74,9.71
381,Elita,Bartosik,3.68,7.04,2.19,9.84
382,Pris,Kyrkeman,1.51,2.28,6.66,2.8
383,Welby,Vinker,9.81,4.67,8.71,7.88
384,Ricca,Nucciotti,6.55,3.42,9.05,3.95
385,Grissel,Forryan,7.49,6.8,7.6,6.13
386,Bunni,Landreth,2.8,2.52,5.82,9.09
387,Pearl,Dowles,6.41,5.55,6.06,2.31
388,Scarface,Scoines,1.93,4.2,4.53,8.94
389,Desmund,Scain,6.29,9.05,7.16,2.35
390,Heall,Mantione,3.44,8.38,8.38,6.53
391,Colette,Grimmett,4.68,3.26,8.99,6.54
392,Wes,Gifkins,1.18,1.7,4.24,4.33
393,Martainn,Hefferan,1.75,4.27,6.37,1.19
394,Philomena,Kilby,2.78,2.91,2.66,4.54
395,Lezlie,Ballentime,5.82,5.94,3.57,1.42
396,Tymon,Dobbyn,3.32,5.19,1.77,3.32
397,Winny,Heakey,5.15,4.39,2.3,2.41
398,Carmon,Mc Andrew,8.34,8.3,1.71,6.01
399,Zachary,Jakubowicz,7.22,2.22,7.82,8.28
400,Blondie,Benedidick,7.88,3.43,7.14,8.71
401,Tremaine,McConnel,8.52,6.26,8.5,3.98
402,Alexandrina,Bartrop,7.44,8.82,9.6,6.98
403,Dino,Hitter,9.89,5.83,1.58,3.68
404,Darlene,Grisedale,6.18,4.51,2.68,1.19
405,Timi,Aguirrezabal,7.32,9.7,7.78,8.11
406,Kathlin,Hustler,7.63,9.85,4.77,3.17
407,Ibbie,Targe,4.77,6.32,6.23,9.56
408,Travis,McCay,7.52,2.93,1.1,1.49
409,Sunshine,McIlreavy,2.33,8.6,8.19,6.87
410,Sheryl,Muzzillo,5.16,2.85,2.49,5.39
411,Othelia,Fuzzey,3.9,5.73,5.67,5.25
412,Theodoric,Leamy,3.53,3.92,2.43,5.88
413,Etti,McCloy,6.49,6.66,3.89,4.97
414,Tedd,Waddam,9.55,4.01,7.41,8.7
415,Maje,Klein,7.43,4.69,6.18,3.64
416,Hinze,Trevance,2.0,4.57,7.58,3.94
417,Benedikt,Crosfield,3.8,8.53,5.85,2.27
418,Dorolisa,Hukin,1.41,1.01,1.87,2.06
419,Clarey,Kunkel,8.1,2.65,3.13,2.84
420,Steffen,Cordie,9.67,1.54,2.23,1.64
421,Hester,Tedridge,5.72,5.87,4.67,4.21
422,Tommy,Monshall,2.74,7.55,6.87,6.75
423,Dedie,Rumin,5.57,6.69,2.37,6.71
424,Lindsey,Thick,1.76,8.41,8.73,5.52
425,Corry,Littlemore,7.94,7.37,9.76,3.34
426,Anne,Noon,9.84,1.95,2.75,9.24
427,Jolynn,Aprahamian,9.0,3.99,9.97,3.35
428,Mathian,Berling,1.64,7.86,2.28,6.83
429,Susan,Serman,4.81,6.74,7.57,6.22
430,Drusie,Landrieu,5.6,4.44,7.99,1.22
431,Alayne,Benka,5.88,9.28,1.17,1.94
432,Cody,Ferrieri,2.22,9.93,8.12,1.09
433,Tori,Meugens,9.66,8.71,1.61,2.89
434,Lynne,Killgus,1.59,2.82,2.11,6.36
435,Odell,Antoniou,1.93,4.24,3.22,8.25
436,Andreana,Byram,6.38,7.06,1.63,4.79
437,Brian,Scates,3.93,6.6,1.93,3.69
438,Araldo,Humbee,4.51,9.35,4.23,9.38
439,Jayson,Steggals,4.05,5.87,4.44,4.23
440,Madel,Purbrick,8.83,6.19,1.46,3.41
441,Chandra,Handrok,1.99,5.04,7.8,1.14
442,Josh,McConnell,2.76,4.19,2.0,1.96
443,Noreen,Pischof,1.35,1.07,4.95,9.32
444,Glad,Irce,5.42,7.48,7.21,6.62
445,Portie,Kunisch,1.13,2.8,4.19,5.97
446,Darren,Haggith,6.01,3.24,1.55,5.17
447,Adamo,Corinton,7.97,9.88,7.08,9.06
448,Borg,Dellenbrook,7.96,4.34,5.61,1.6
449,Bobbe,Note,4.68,3.81,3.91,5.91
450,Joycelin,Lukovic,3.2,9.98,6.15,7.02
451,Leilah,Fullylove,1.42,4.96,8.51,1.55
452,Suzie,Glasby,4.94,3.89,7.35,8.77
453,Yard,Rodrigo,8.03,9.23,4.47,2.78
454,Chlo,Hagerty,9.69,2.59,7.69,9.54
455,Lalo,Lille,2.87,6.36,1.27,4.55
456,Tybalt,Froude,4.87,2.65,3.75,5.98
457,Lanie,Snead,8.94,9.06,8.44,7.71
458,Garek,Binnall,6.86,4.91,1.84,4.12
459,Ferris,McAlester,3.58,8.05,5.52,6.14
460,Violante,Diggar,9.34,9.58,7.94,5.11
461,Sabina,Bourne,5.55,8.61,1.53,2.43
462,Wylma,Plumbe,7.51,7.25,3.47,3.24
463,Tamas,Romaint,6.93,9.34,5.93,8.97
464,Quintina,Kelley,2.41,6.95,8.78,5.42
465,Pearl,Lesor,2.55,4.59,7.54,4.43
466,Jarid,Cumbes,6.39,8.11,8.45,1.5
467,Marta,Kerridge,1.94,2.54,4.86,8.3
468,Elset,Thunnerclef,7.21,2.43,5.15,1.1
469,Rebecka,Messager,8.92,4.37,9.63,6.75
470,Devland,Hansbury,5.02,8.03,6.76,2.69
471,Consuelo,Smalles,1.94,7.23,8.64,9.48
472,Oralle,Leeds,7.56,3.21,6.46,3.48
473,Lonna,Mablestone,4.46,3.87,7.44,1.58
474,Donella,Cudbird,2.23,9.88,2.54,6.17
475,Chiquia,Gerrelts,8.82,4.5,8.88,5.4
476,Alonso,Fleay,6.29,9.41,8.94,1.99
477,Neala,Shillaber,4.63,4.5,3.39,2.62
478,Aila,Josling,4.15,3.2,6.25,7.84
479,Peggy,Slewcock,9.46,9.95,6.61,3.86
480,Kanya,Harborow,1.22,3.35,7.96,5.84
481,Korie,Siegertsz,5.13,6.34,6.55,4.34
482,Udall,Addinall,7.54,3.78,5.38,5.02
483,Kanya,Dolby,7.76,5.23,9.39,3.28
484,Putnam,Perrott,7.09,2.17,9.05,7.15
485,Cherye,Fullun,9.36,3.12,3.21,4.73
486,Basilio,Engelbrecht,3.51,5.62,5.82,6.89
487,Heloise,Wreight,3.15,4.59,2.51,4.16
488,Arlina,Jedryka,7.98,5.7,6.39,8.85
489,Pebrook,Breinl,9.77,7.82,3.86,7.89
490,Wendye,Kibel,7.16,9.19,7.82,2.17
491,Kattie,Dyos,3.81,1.34,7.2,7.36
492,Gayle,Mc Dermid,6.07,4.71,9.79,6.94
493,Kleon,Butfield,6.9,5.22,5.45,1.19
494,Uri,Leband,7.56,9.56,6.48,6.15
495,Olivia,Edgin,3.3,5.79,8.03,1.16
496,Torey,Pannett,3.59,8.35,4.03,2.86
497,Bethena,Benoy,5.69,9.41,2.01,4.55
498,Anderea,Gomme,5.62,8.42,2.13,1.47
499,Iseabal,Doumerque,3.44,5.86,5.02,3.08
500,Brigg,Whayman,5.53,1.77,8.21,1.57
501,Annemarie,Sketh,2.66,9.71,6.4,2.94
502,Cindra,Ivie,5.41,3.61,2.75,5.75
503,Mary,Moxon,7.55,6.72,9.06,3.53
504,Godfree,Jelks,8.43,3.69,1.21,6.0
505,Leonelle,Titchmarsh,9.42,6.55,2.54,1.75
506,Glenna,Stearley,6.07,3.69,7.12,6.66
507,Mendel,Draisey,1.02,7.47,6.69,1.42
508,Aurie,Strathe,5.67,2.06,5.29,4.56
509,Jeni,Goring,3.39,4.73,8.55,4.55
510,Melisa,Robjents,4.94,6.68,6.91,9.28
511,Stacey,Waples,7.03,4.37,6.18,8.55
512,Dolf,Emmott,7.54,4.15,9.49,4.14
513,Dorie,Meiklejohn,6.47,1.76,2.99,2.87
514,Tina,O'Ruane,7.54,6.72,7.34,4.48
515,Tova,Shird,3.48,9.05,4.22,3.36
516,Fay,Cullington,3.45,1.28,6.58,9.58
517,Deny,Loseke,8.15,8.72,7.55,5.0
518,Findlay,Forshaw,4.36,8.79,6.11,2.57
519,Tiebout,Odlin,4.1,9.62,6.59,1.23
520,Philly,Clothier,9.53,3.56,1.67,2.33
521,Kipp,Pomfrey,3.03,1.28,5.1,4.09
522,Marcile,Ortzen,4.1,7.64,8.27,1.18
523,Ellen,Snaddon,3.79,6.81,8.19,6.81
524,Lotta,Iacomo,4.31,8.59,2.7,6.44
525,Westbrook,Kennford,8.08,7.62,3.67,8.59
526,Ellerey,O' Cloney,1.38,1.18,8.7,2.55
527,Drusy,Greedier,3.86,5.47,5.36,4.27
528,Emmanuel,Braunds,2.51,2.71,8.36,5.74
529,Tracy,Garaghan,3.03,3.02,8.67,2.86
530,Raimondo,Puttick,6.52,5.25,9.27,2.74
531,Lloyd,Baigrie,7.0,8.64,2.44,1.58
532,Frasco,Van Der Walt,9.43,1.3,9.09,3.0
533,Josephine,Ivison,4.43,1.53,7.12,7.0
534,Ana,Duthie,7.78,8.92,1.82,1.07
535,Marley,Cow,5.71,9.96,2.2,4.69
536,Niall,Lentsch,5.65,8.3,3.16,4.75
537,Gill,O'Dennehy,2.63,3.66,8.91,3.83
538,Merl,Robuchon,4.78,6.04,3.41,5.48
539,Pansy,Tomczak,8.78,9.58,2.01,4.9
540,Isaak,McIlherran,6.03,6.1,5.49,6.38
541,Rochester,Traise,7.8,4.58,5.51,7.18
542,Noah,Cuningham,7.87,1.72,2.62,7.43
543,Huey,Houlison,6.76,9.33,1.53,6.27
544,Cammy,Danilevich,8.3,9.9,9.12,4.4
545,Marybelle,Streetfield,2.11,6.6,1.67,3.05
546,Francesca,Loyd,7.95,7.87,2.59,8.0
547,Kaleena,Wormald,4.75,8.71,9.4,4.09
548,Arabel,Shanley,5.14,7.97,9.21,7.41
549,Raymund,Eschalotte,7.82,4.07,2.97,3.83
550,Maurise,Estoile,6.99,2.39,6.16,3.52
551,Randell,Klimke,2.9,7.84,7.29,7.21
552,Cherri,Mulchrone,1.37,8.33,8.42,5.69
553,Pancho,Silberschatz,4.91,9.09,6.58,6.61
554,Blondie,Brighty,2.54,3.36,7.1,3.35
555,Rafaello,Horsburgh,5.48,2.48,8.07,1.63
556,Bibbye,Portch,2.54,9.75,1.3,4.65
557,Saw,Saller,6.21,9.31,9.46,7.92
558,Burnaby,Carslaw,9.19,3.02,2.87,7.37
559,Terri-jo,Dolligon,5.02,5.08,7.71,5.33
560,Les,Grabham,5.23,6.46,6.34,4.69
561,Farlay,Gantley,8.09,6.19,5.84,1.44
562,Lorne,Matskevich,9.59,5.99,2.28,4.78
563,Mathew,Meritt,1.32,4.92,1.4,9.41
564,Donalt,Dusting,9.03,6.26,3.47,4.36
565,Celka,Midson,1.11,4.92,2.15,4.65
566,Solomon,D'Avaux,3.05,2.94,6.36,9.56
567,Nikola,Minillo,9.25,4.96,3.87,5.96
568,Wilow,Shinner,7.37,3.8,1.88,5.27
569,Astrid,Gridley,3.49,8.5,1.06,1.66
570,Sybille,Oldknowe,1.16,5.62,2.78,9.8
571,Muire,Downage,3.08,8.23,1.49,6.6
572,Shell,Bolesma,2.29,3.61,1.56,2.87
573,Myca,Stenner,1.48,2.67,2.54,6.02
574,Dave,Winman,2.29,1.79,7.85,4.99
575,Zebedee,Canavan,7.91,6.79,4.86,6.21
576,Wynnie,Porcher,2.07,1.39,8.83,4.3
577,Ester,Plitz,8.83,8.69,4.69,3.32
578,Kinny,Dear,1.34,3.68,4.43,5.34
579,Scarlett,Pawelec,6.77,3.27,6.04,4.38
580,Ardra,Stidston,6.99,8.1,5.19,3.57
581,Avril,Chopping,1.79,9.09,6.39,1.76
582,Glendon,Mateu,9.98,6.17,5.61,4.19
583,Richmound,Elderfield,9.2,4.34,1.34,7.87
584,Derward,Isakowicz,1.41,9.66,7.79,6.81
585,Jo-anne,Lawlor,9.44,5.18,1.53,5.17
586,Ragnar,Dignan,3.81,2.0,8.2,5.25
587,Sigfrid,McIlvenna,1.26,7.46,8.23,8.93
588,Roderigo,Suttle,1.16,7.43,1.72,8.3
589,Heather,Sturror,2.87,1.85,4.18,9.51
590,Daveta,Weed,1.25,7.78,5.23,8.51
591,Caroline,Scanlin,5.4,5.26,2.2,2.77
592,Winnie,Couche,3.8,3.15,1.01,8.55
593,Culley,Baptie,4.03,1.73,6.7,3.06
594,Hartwell,Ditty,2.58,7.63,9.43,2.33
595,Rebe,Utton,3.71,1.47,1.79,3.18
596,Rafe,Highton,9.52,9.19,8.47,3.94
597,Port,Davydenko,1.69,5.51,9.58,7.27
598,Annalise,Strother,3.91,8.43,3.01,7.83
599,Ardine,Powton,9.68,2.1,6.29,6.92
600,Evaleen,Weepers,5.19,4.72,2.84,1.23
601,Leah,Leward,7.13,1.62,9.67,9.54
602,Brocky,Rowston,8.8,4.02,5.13,2.54
603,Donnie,Croom,9.26,8.62,8.25,9.75
604,Shane,Veal,7.01,7.97,2.86,5.38
605,Cacilie,Digle,7.12,4.77,2.56,4.19
606,Cheryl,Depport,4.88,3.59,9.98,2.01
607,Pen,Juanes,5.18,8.42,4.48,3.37
608,Garald,Deakes,7.86,2.15,3.02,3.01
609,Perceval,Crisall,7.85,5.6,5.3,6.61
610,Lari,Canto,1.7,4.04,3.53,2.02
611,Pincas,Sudlow,3.33,1.95,2.61,7.86
612,Berky,Hodgen,8.58,9.21,9.43,9.91
613,Leona,Ferbrache,8.84,3.17,7.06,8.35
614,Paten,Coats,2.75,4.19,9.61,6.37
615,Blake,Khosa,7.84,9.6,9.78,9.8
616,Tiff,Grimstead,9.87,5.97,9.39,1.85
617,Alysia,Ettery,7.51,8.94,5.12,2.16
618,Shirlene,Mulholland,6.21,1.48,2.92,4.18
619,Sumner,Turfes,6.5,6.2,2.48,1.46
620,Thane,Dumberell,2.15,8.56,3.89,2.84
621,Nananne,Toms,4.8,8.34,4.92,2.31
622,Agneta,Maywood,8.88,7.79,9.53,3.92
623,Colby,Murney,7.14,5.23,4.15,8.55
624,Todd,Siney,6.97,1.36,6.77,6.24
625,Stacee,Dalziel,9.08,9.15,6.54,3.64
626,Saul,Bellefonte,5.33,8.79,7.33,7.29
627,Jere,Trayes,5.95,9.66,4.28,3.44
628,Patrice,Hawkin,8.09,5.0,5.68,1.7
629,Bryce,Barg,3.05,6.0,4.65,8.14
630,Sullivan,Trazzi,9.22,4.62,1.58,4.75
631,Melli,Rennix,9.05,9.84,6.5,9.49
632,Sammie,Kilty,7.2,3.93,1.09,7.54
633,Jesus,Drayton,3.48,1.11,1.53,7.56
634,Erminie,Lightbourne,8.43,8.64,3.89,7.5
635,Bronson,Schutte,8.52,8.57,5.95,4.05
636,Thorpe,Gotts,4.71,5.54,1.05,1.79
637,Laure,Grumble,4.83,5.06,5.97,3.8
638,Edsel,Bachnic,7.01,6.78,9.66,7.92
639,Burty,Stadden,2.07,8.49,6.21,7.29
640,Rex,Gurry,2.51,3.35,3.13,1.26
641,Egor,Matzl,3.35,2.14,6.74,4.46
642,Martica,Brecknall,8.81,2.23,7.02,6.55
643,Cesare,Villalta,2.55,7.39,5.42,8.18
644,Harley,Faithfull,9.38,8.4,1.22,5.73
645,Theodosia,Wick,2.47,4.51,1.01,2.56
646,Zahara,Deane,2.92,9.52,5.74,2.33
647,Rosie,Dominick,2.23,3.57,5.31,1.95
648,Gaspar,Cartman,7.69,9.61,5.59,7.75
649,Avrit,Lowy,9.78,4.55,5.47,5.97
650,Jarret,Pechacek,1.1,1.98,6.0,4.15
651,Pierre,Whitham,4.35,8.06,1.6,8.42
652,Royall,Salman,7.93,2.37,8.54,4.33
653,Callie,Hargie,5.57,8.17,8.51,7.21
654,Carroll,Close,9.85,6.15,5.9,9.56
655,Donnie,Desport,2.07,6.73,7.73,9.0
656,Jen,Brumhead,8.22,8.21,3.34,1.8
657,Bernice,Janoch,9.35,1.01,6.13,8.55
658,Cosme,Philip,7.66,2.95,2.16,8.67
659,Abbe,MacMickan,9.59,9.01,1.68,2.19
660,Lyle,Mordie,3.6,6.06,7.5,7.0
661,Diannne,Houdhury,5.68,4.4,7.84,8.89
662,Juliette,Ogelsby,5.99,9.65,6.2,1.31
663,Linnie,Peasgood,5.25,6.87,9.09,2.9
664,Hiram,Dumbar,5.09,7.46,1.32,5.16
665,Clerkclaude,Fleisch,5.52,9.12,9.34,5.92
666,Cassie,Pesterfield,8.33,2.24,7.57,4.02
667,Angel,Anstead,1.41,6.93,4.33,7.67
668,Tedman,Joost,4.94,5.27,7.36,8.26
669,Rockey,Pydcock,7.67,5.94,9.71,5.17
670,Rica,Sloat,1.16,1.02,1.68,5.82
671,Matty,O'Connell,6.74,8.68,5.84,6.44
672,Kiele,Beardsdale,1.87,7.85,7.9,1.36
673,Alfred,Davidowich,9.5,1.05,2.79,4.95
674,Janeta,Kroon,7.83,8.25,8.28,5.57
675,Desdemona,Curwood,9.37,3.48,5.85,8.66
676,Norah,Giovannilli,7.68,7.75,7.36,6.5
677,Matthieu,Duckels,1.74,5.9,1.78,5.98
678,Keven,Wordsworth,8.31,5.14,4.91,1.32
679,Uta,Petrescu,2.09,6.82,8.35,8.32
680,Ellary,Dickerline,7.55,2.01,2.93,4.12
681,Penelopa,Chrystal,8.07,2.09,2.69,5.5
682,Vaughan,Bendig,8.98,6.09,1.19,8.63
683,Suzie,Kentwell,1.05,9.88,6.69,8.69
684,Allin,Dalston,4.72,4.84,2.63,1.87
685,Adam,Grieves,6.09,7.1,1.03,3.87
686,Neill,Grier,7.02,1.62,1.6,5.23
687,Moll,Rouf,1.59,8.88,2.15,3.56
688,Regina,Dederick,8.22,7.92,2.57,7.18
689,Aleece,Geistbeck,8.59,3.08,2.71,3.6
690,Amalle,Pennycock,1.82,2.14,9.86,6.65
691,Lydon,Garoghan,1.16,3.14,5.74,9.42
692,Caresa,Spoward,8.59,4.6,6.17,8.71
693,Bradan,Audry,5.87,9.89,3.41,8.08
694,Lina,Batrip,9.2,4.9,1.4,7.78
695,Arin,Dresse,2.65,5.47,9.66,4.79
696,Brad,Barnham,2.8,6.05,9.58,2.43
697,Myrilla,Caulder,3.83,9.93,9.26,6.23
698,Gisele,Jerche,5.53,6.97,4.46,5.68
699,Marty,Alecock,1.44,6.08,2.02,6.55
700,Gottfried,Bortolini,1.49,4.22,8.37,9.95
701,Padraic,Colbron,9.71,6.27,4.14,2.26
702,Karrah,Lammas,6.43,2.82,3.09,1.46
703,Conrado,Gallaccio,1.31,4.1,2.07,9.98
704,Erik,Bartolacci,6.32,6.85,3.12,4.22
705,Jonell,Worwood,9.54,2.35,2.46,4.33
706,Elnore,McGillacoell,3.2,6.94,6.32,1.99
707,Candide,Bougen,9.2,4.82,5.52,6.29
708,Philly,Edinboro,6.06,9.92,9.95,5.69
709,Dev,Shenley,5.92,2.32,6.5,5.62
710,Todd,Kearford,6.3,5.56,7.49,4.84
711,Shirlee,Basterfield,4.49,1.77,7.9,3.44
712,Richart,McGilbon,8.4,9.81,3.12,7.04
713,Betsy,Ginity,9.8,8.53,1.16,4.79
714,Derick,Vooght,6.76,5.2,7.93,4.67
715,Francene,Zelland,6.42,6.62,4.43,9.77
716,Kleon,Whitbread,7.2,5.56,7.18,7.62
717,Janeczka,Maric,2.99,3.73,7.88,5.64
718,Kathlin,Imison,9.28,9.84,3.09,2.81
719,Lidia,Cuffley,2.41,7.32,3.61,6.99
720,Dorris,Prosh,6.19,7.29,5.46,8.17
721,Amberly,Prescote,1.41,1.28,1.23,3.02
722,Bren,Parlot,6.9,1.78,1.14,2.79
723,Tadio,Bartell,6.82,4.16,4.99,9.05
724,Tish,Attril,9.78,9.65,1.85,2.86
725,Gardy,De Nisco,4.53,7.3,5.11,8.43
726,Gaven,Mcmanaman,6.13,4.9,2.48,5.19
727,Ashley,Haucke,1.81,7.87,5.62,2.67
728,Heindrick,Sparway,6.19,2.31,4.97,2.79
729,Tomkin,Whyke,3.55,9.56,2.61,4.09
730,Robbie,Huggan,2.77,8.03,5.13,6.18
731,Gunar,Faulder,9.93,1.56,8.69,3.69
732,Cicily,Kybert,3.01,6.51,2.8,6.94
733,Faustine,Turbitt,5.94,5.17,7.61,9.64
734,Jehanna,Klimowski,1.34,4.3,6.21,6.44
735,Wrennie,Gyorgy,4.6,5.42,1.53,1.2
736,Claudina,Skaid,5.41,9.84,9.91,1.31
737,Lianna,Geldeford,9.12,4.47,1.53,9.95
738,Waldemar,Quayle,5.76,6.2,9.09,9.51
739,Reinold,Dudin,3.59,4.97,1.23,7.24
740,Stanislaw,Duguid,4.7,8.7,8.99,2.13
741,Hilario,Nattriss,2.12,2.52,4.73,8.53
742,Celeste,Iddon,2.42,2.44,9.28,4.46
743,Ezequiel,Steger,8.23,4.24,5.46,9.38
744,Doria,Sparhawk,9.02,6.45,9.56,3.64
745,Carlee,Sagg,4.69,8.72,9.8,3.66
746,Eileen,Chasmer,5.11,5.74,1.16,9.97
747,Griffith,O'Howbane,4.97,6.74,6.26,6.12
748,Deane,Agett,1.0,9.24,3.6,7.99
749,Irv,Maciaszczyk,8.89,1.13,1.68,7.07
750,Herby,MacAlister,9.62,2.54,8.36,6.26
751,Nevsa,Pointon,6.8,6.64,7.0,9.53
752,Renault,Loch,5.77,1.35,1.84,9.8
753,Trina,Leslie,9.62,9.08,2.01,8.24
754,Daloris,Hryncewicz,4.83,1.9,6.59,7.96
755,Jay,Trude,7.48,7.7,8.0,1.12
756,Paquito,Pease,3.55,1.98,3.54,9.97
757,Piper,Tiffin,2.76,6.66,3.85,8.72
758,Waverley,Whapham,8.96,3.42,9.45,2.22
759,Siffre,Goundry,2.51,3.47,8.04,7.28
760,Cheri,Trassler,4.2,9.11,8.23,4.09
761,Lazaro,Oliveto,4.75,7.47,9.61,7.54
762,Guillermo,Brabben,6.75,1.4,2.54,4.88
763,Eydie,Gerrets,6.77,8.59,5.47,6.16
764,Seymour,Tink,5.31,1.02,2.56,3.58
765,Denice,Gateman,4.32,4.09,1.02,5.12
766,Bonny,Mulmuray,3.33,9.92,2.14,9.44
767,Adriane,Ortas,8.06,3.84,4.41,3.25
768,Bronson,Masey,8.73,7.49,1.35,4.62
769,Philis,Eggers,8.46,8.68,1.81,5.07
770,Stephi,Vasyukhin,1.77,8.64,8.88,8.71
771,Mycah,Piatto,8.72,4.28,3.38,5.32
772,Tallie,Abernethy,4.39,8.06,9.62,5.56
773,Mora,Seale,4.27,7.3,6.96,5.98
774,Livvie,Seifenmacher,2.0,8.55,7.65,8.68
775,Reta,Teanby,1.88,6.29,9.81,8.06
776,Tandie,Fulun,4.1,7.27,4.59,9.88
777,Tyson,Copland,5.92,5.39,9.5,4.63
778,Chelsey,Cleve,2.08,7.71,8.77,7.47
779,Evelina,Aveling,8.6,1.12,4.66,5.2
780,Alayne,Heaselgrave,9.64,7.55,3.21,7.0
781,Vanni,Maginot,7.24,6.89,8.28,2.21
782,Javier,Fosserd,7.41,8.41,5.7,4.48
783,Kristoffer,Rockliffe,8.09,6.77,7.35,6.17
784,Sullivan,Goschalk,6.67,6.39,5.86,2.49
785,Rickey,Skaif,4.85,4.78,4.28,9.26
786,Simone,Phizakarley,2.63,9.6,6.49,6.01
787,Ninetta,Fiddiman,2.39,2.25,2.16,4.62
788,Pierson,Keith,9.91,6.45,7.4,6.58
789,Gardner,Vondruska,4.12,7.77,4.78,7.45
790,Denys,Ormistone,8.31,2.58,6.08,3.6
791,Sabine,Capel,2.33,3.46,8.71,3.38
792,Renado,Glandfield,7.68,7.02,2.74,3.34
793,Lindsy,Chelnam,2.45,3.47,8.5,6.28
794,Brigid,Eloy,7.24,8.31,7.07,3.82
795,Stephen,Perris,4.35,6.03,9.29,4.72
796,Rabi,Broxap,9.71,2.26,8.29,2.47
797,Maurice,Steventon,1.37,7.05,6.05,1.92
798,Suzette,Brierley,3.33,5.58,4.64,1.11
799,Orelia,Presswell,8.47,6.45,6.0,4.86
800,Dori,Romushkin,6.83,7.45,8.73,2.6
801,Alethea,Lugsdin,1.36,9.6,6.02,9.04
802,Roldan,Spikins,3.3,6.29,1.1,9.68
803,Dorolisa,de Aguirre,1.1,9.35,6.76,5.03
804,Parsifal,Bentall,2.09,2.46,7.29,7.65
805,Merola,Meir,1.29,6.19,1.45,7.58
806,Lottie,Farnell,2.82,5.37,9.19,4.81
807,Nissa,Ikins,8.56,8.31,1.91,4.64
808,Ainslie,Fulbrook,4.44,3.56,1.82,4.73
809,Pren,Mildenhall,8.56,6.57,5.5,1.69
810,Margie,Callar,9.98,1.89,3.1,2.08
811,Lesya,Nuccitelli,9.59,5.24,7.71,7.26
812,Trixy,Haitlie,1.99,5.2,5.11,5.57
813,Gaspar,Brafield,3.87,1.95,8.53,9.94
814,Merna,D'Arrigo,7.52,2.38,4.13,7.2
815,Waldemar,Eagar,8.21,8.11,5.62,6.72
816,Justen,Pellington,5.57,4.37,4.27,7.32
817,Kameko,Ertel,3.67,7.25,3.31,1.93
818,Trumann,Acton,6.75,4.22,2.89,5.04
819,Janeen,Winterson,1.88,2.05,9.32,6.6
820,Morgen,Cellone,4.23,2.8,8.69,5.0
821,Anna-maria,Studders,9.76,1.58,4.73,5.94
822,Kanya,Over,6.72,5.59,1.86,1.13
823,Raye,Cristofvao,7.88,1.46,2.38,1.33
824,April,Sexti,2.07,8.11,1.4,9.19
825,Kakalina,Spottiswood,8.72,1.35,5.15,6.11
826,Bernarr,Silkston,2.81,2.73,1.83,5.1
827,Godfrey,Hedde,5.87,8.98,3.13,9.07
828,Berty,Sibray,1.04,7.94,4.0,2.19
829,Kaylee,Hammerman,1.27,6.27,1.78,4.43
830,Starlene,De Vere,7.45,7.94,7.62,2.92
831,Laurent,Kluger,5.84,5.03,2.92,2.28
832,Eduino,Greger,7.63,9.56,6.35,1.91
833,Bonny,Helgass,1.15,1.2,9.56,5.8
834,Shanda,Blessed,4.37,8.33,1.15,4.82
835,Colleen,Skegg,1.61,7.7,7.42,6.35
836,Phyllida,McCloughlin,8.79,1.6,2.24,9.76
837,Titus,Brookfield,5.38,4.28,2.28,1.32
838,Lida,Minchi,8.57,3.38,9.32,3.44
839,Marchall,Nekrews,9.1,8.48,1.77,1.65
840,Rodge,Cannavan,7.82,2.96,3.59,2.41
841,Sib,Leirmonth,2.52,8.46,3.55,4.69
842,Mozes,Lesurf,1.07,5.09,9.05,9.58
843,Darelle,Selburn,6.46,1.4,7.69,4.69
844,Kelly,Calvey,7.71,1.8,6.57,1.54
845,Broddie,Wibberley,7.2,1.48,6.11,3.55
846,Teri,Durward,9.71,4.06,5.3,9.97
847,Ameline,Sagar,4.48,5.97,6.64,5.76
848,Hillier,Harfleet,2.93,4.79,5.39,6.27
849,Gwyn,Snoxall,5.35,5.06,5.49,6.36
850,Danni,Chrichton,5.5,4.86,1.65,9.45
851,Iseabal,Pratton,4.6,7.98,1.66,2.99
852,Piper,Jellicorse,9.14,9.29,6.49,3.45
853,Ginni,Ogborne,6.34,7.2,9.59,4.3
854,Darrell,Lyddyard,5.39,9.47,1.02,3.1
855,Adela,Coalbran,3.7,9.91,1.93,2.51
856,Midge,Roiz,9.26,4.07,3.05,3.49
857,Tish,Daskiewicz,3.4,6.87,5.32,4.14
858,Sheffield,Infantino,3.79,2.91,3.86,4.45
859,Kizzie,Brinicombe,2.4,7.33,6.07,4.75
860,Chaim,Ruseworth,3.67,6.66,6.15,7.92
861,Colette,Burchnall,7.25,4.52,8.6,9.76
862,Myrtie,Franciottoi,7.3,9.42,1.97,5.71
863,Wye,Leate,5.44,7.31,5.99,5.63
864,Jillene,Whyler,4.4,8.56,4.47,5.4
865,Jillene,Dwerryhouse,2.43,7.54,1.23,3.52
866,Wandie,Petworth,6.25,4.92,4.28,7.99
867,Osbert,Alstead,7.27,1.4,5.63,1.13
868,Martica,Worcs,2.66,5.09,2.68,2.19
869,Avril,Bollen,5.6,8.5,1.19,2.37
870,Cecily,Bavister,7.71,7.26,5.93,4.98
871,Yoshiko,Arnot,5.47,4.16,3.46,4.18
872,Bambi,Janssen,6.02,2.59,2.93,6.67
873,Stace,Rook,5.72,7.13,2.59,3.7
874,Niki,Kezar,7.14,3.75,9.37,1.59
875,Paddy,Tout,6.35,1.3,1.97,8.93
876,Judah,Newcomen,9.42,1.3,5.61,2.99
877,Galina,Canario,1.73,2.07,7.63,1.71
878,Myca,Fewless,9.92,1.53,9.6,1.23
879,Godfrey,Cubbin,1.44,5.12,1.32,1.57
880,Burl,Matula,7.85,3.11,4.73,5.41
881,Dulcine,Rawne,1.76,3.09,4.95,1.23
882,Rad,Munnings,7.77,3.5,7.22,5.76
883,Thatch,Gaskamp,4.9,6.02,5.27,4.87
884,Val,Goodreid,6.3,8.88,1.25,4.68
885,Hal,Hale,5.1,1.84,9.74,2.51
886,Daniela,Greedier,9.86,2.84,1.43,1.64
887,Sherlock,Farrears,5.34,6.7,7.29,8.41
888,Carey,Olennikov,2.29,2.08,5.11,8.12
889,Dianna,Blowne,7.98,2.99,7.53,3.38
890,Joletta,Wasmuth,2.94,4.44,4.47,2.61
891,Gussy,O'Cooney,2.4,3.32,5.12,1.24
892,Nikolaos,Krystek,5.68,1.33,6.04,4.57
893,Willi,Langlands,9.9,4.93,9.04,9.51
894,Hallsy,MacAllen,5.23,9.99,7.65,3.53
895,Virge,Cham,6.72,8.15,9.71,8.38
896,Raffarty,Playden,8.89,7.65,1.32,2.79
897,Verina,Alldred,5.05,7.07,4.2,7.04
898,Lyssa,Schoenrock,2.46,9.9,3.17,4.53
899,Giacopo,Lindro,9.82,3.88,6.37,3.21
900,Malorie,Sevitt,7.33,2.73,9.54,2.15
901,Axel,Paulton,2.82,2.95,4.88,9.5
902,Micheline,Patinkin,8.49,8.3,5.33,6.66
903,Crissie,Hrycek,1.34,6.0,3.19,1.98
904,Herc,Tosspell,9.02,3.17,6.28,7.51
905,Sibeal,Worman,1.34,2.91,3.7,2.81
906,Caleb,Vowels,9.53,6.08,2.47,1.55
907,Mindy,Conkling,8.02,5.21,1.59,7.42
908,Marillin,Costain,1.4,3.24,9.05,4.81
909,Lana,Minocchi,3.46,8.95,9.49,2.91
910,Helen,Pincked,5.37,8.99,2.9,5.43
911,Cyrillus,Riby,8.44,5.24,3.63,2.89
912,Xever,Yeliashev,1.78,5.59,7.83,3.45
913,Niles,Fonquernie,9.03,2.93,3.69,9.64
914,Lauren,Mulchrone,3.91,9.91,5.98,1.07
915,Wileen,Waight,9.18,4.28,7.67,8.04
916,Walker,Haws,9.8,6.21,3.5,5.4
917,Pearline,Jerg,3.16,1.9,2.84,4.54
918,Vera,Keenlyside,8.39,2.64,8.36,2.57
919,Oriana,Gallone,2.55,7.21,4.89,2.78
920,Carine,Hinchcliffe,8.2,3.12,7.75,8.2
921,Padraig,Emptage,4.66,2.16,3.14,5.64
922,Iolande,Plumer,1.26,2.02,5.74,4.44
923,Milzie,Huxham,7.34,6.56,3.66,3.69
924,Cecil,Dee,5.56,9.34,9.29,6.5
925,Jedd,Kightly,4.33,8.53,1.27,4.27
926,Fabiano,Reggiani,9.85,6.86,7.21,8.3
927,Truman,Withams,1.43,4.88,1.09,5.05
928,Vonny,Kellough,6.13,4.7,6.92,8.86
929,Laraine,Vivyan,4.26,3.47,5.28,9.61
930,Brigid,McKniely,1.92,2.49,6.12,6.92
931,Jarrod,Toghill,3.84,9.98,1.35,6.24
932,Yalonda,De la Yglesias,3.09,6.43,4.95,9.24
933,Murielle,Iacapucci,8.49,3.76,1.42,6.37
934,Ivan,Luxford,2.71,7.78,9.9,8.62
935,Montague,Flanders,1.4,2.95,7.55,9.67
936,Gisella,Gaffey,6.74,5.39,5.01,4.66
937,Bat,Heinsen,3.51,7.49,5.05,9.66
938,Brewster,Oxenford,2.67,3.82,4.03,1.88
939,Koressa,Haldon,5.25,2.1,8.06,4.2
940,Amelita,Parfett,2.98,7.7,3.3,1.59
941,Susannah,Royal,8.6,4.54,9.72,9.27
942,Tabbie,Riquet,9.85,4.16,9.52,9.8
943,Georgeta,Hovard,1.24,8.75,8.38,2.31
944,Casi,Parsley,5.35,5.83,1.23,8.98
945,Shawn,Goddard,8.85,5.43,8.6,1.99
946,Charmion,Messiter,8.95,3.87,7.09,1.93
947,Dore,Siret,2.01,6.94,2.62,7.24
948,Cyndia,Anlay,6.1,8.6,8.55,1.21
949,Joni,Giotto,7.43,2.15,6.42,6.99
950,Kary,Huddleston,2.9,1.94,7.43,6.42
951,Garv,Hubberstey,2.94,4.83,2.06,8.92
952,Kyrstin,Cornuau,6.12,6.66,4.9,1.46
953,Dalli,Jaffra,3.51,8.1,1.19,7.41
954,Gabriel,Louthe,4.65,3.2,7.62,7.57
955,Alden,Beckwith,9.76,5.98,3.93,5.79
956,Monica,Kenan,2.17,9.89,2.18,4.38
957,Hatty,Pinchin,2.18,4.49,2.26,5.9
958,Hilliary,Gowers,4.8,9.16,8.67,8.25
959,Dal,Cicci,6.38,6.83,8.49,3.97
960,Aubrie,Casin,4.59,1.16,8.88,2.02
961,Mischa,Boole,1.22,5.56,6.39,8.37
962,Annadiana,Baiyle,1.76,9.75,6.44,9.62
963,Guenevere,Chatain,4.05,4.48,9.97,4.91
964,Doyle,Scandrett,9.58,7.15,9.31,7.57
965,Morena,Brouard,5.13,9.51,1.83,4.95
966,Jon,Alesbrook,1.04,1.79,9.05,1.49
967,Ardelia,Surridge,9.41,8.54,2.08,6.04
968,Travis,Challin,2.79,6.79,9.09,5.93
969,Mindy,Tortoishell,8.23,1.57,4.46,3.46
970,Maighdiln,Gerhardt,5.36,6.67,9.1,9.1
971,Florencia,Hawson,6.03,2.0,6.27,5.5
972,Lorette,Leatherland,6.79,9.87,7.72,5.4
973,Donnajean,Fosh,8.15,4.81,6.55,7.19
974,Fancie,Kann,3.55,1.9,9.49,9.77
975,Artie,Placstone,1.67,5.03,2.03,5.96
976,Nickie,Simone,1.8,6.97,1.7,7.57
977,Waldo,Geydon,1.19,8.02,4.52,7.75
978,Anne,Remington,6.89,9.88,4.6,7.03
979,Mickey,Franchi,5.78,8.11,2.59,8.01
980,Ennis,Lydiate,4.11,7.34,8.35,9.76
981,Anna,Breedy,7.86,3.16,6.0,7.85
982,Claiborn,Winterbotham,7.75,7.4,3.63,9.59
983,Constantia,Dorgan,4.51,7.97,5.35,1.15
984,Orin,McGarva,4.59,7.37,1.29,4.59
985,Samara,Lamanby,5.22,1.67,7.01,7.65
986,Suzy,Ginty,9.6,9.12,9.05,4.13
987,Roxane,Nickell,8.85,7.44,5.87,6.74
988,Kevina,Stonuary,6.01,3.19,2.18,4.43
989,Alayne,Perceval,6.4,2.61,2.78,4.02
990,Shelbi,Lazer,6.7,8.11,2.29,9.81
991,Muffin,Carver,3.42,9.6,8.61,6.88
992,Bernie,Lilliman,5.48,5.91,1.08,3.29
993,Yettie,Percifer,9.62,3.84,8.22,3.51
994,Genevra,Fergyson,8.02,9.95,7.08,7.0
995,Brennen,Luckin,7.44,1.44,9.11,5.2
996,Sydney,Dingley,3.84,1.78,2.29,9.9
997,Leda,Daye,3.86,1.57,9.32,1.99
998,Maressa,Gabbitus,2.73,3.31,6.31,4.99
999,Cordi,Ertelt,2.59,2.03,2.22,1.87
1000,Euell,Folkerts,6.8,2.57,8.14,7.0
